{"train/avg_epoch_loss":0.15561954152016413,"validation/avg_epoch_loss":0.2607145806153615,"_wandb":{"runtime":2160},"train/moving_avg_loss":0.728495474323512,"_timestamp":1.7478577421185014e+09,"_runtime":2159.64553418,"_step":3209,"train/loss":0.2197498381137848}