{"_runtime":722.309673155,"_step":1069,"train/loss":0.27225902676582336,"train/moving_avg_loss":16.19974081686565,"train/avg_epoch_loss":0.6545406199636914,"validation/avg_epoch_loss":1.227084070444107,"_wandb":{"runtime":722},"_timestamp":1.747855045661003e+09}