{"validation/avg_epoch_loss":0.17072938879330954,"_wandb":{"runtime":14738},"_timestamp":1.7487139539603956e+09,"_runtime":14737.794229565,"_step":42199,"train/loss":0.26315760612487793,"train/moving_avg_loss":1.3116163159386394,"train/avg_epoch_loss":0.5713860614305478}