{"_timestamp":1.7479374716759956e+09,"_runtime":2219.417771546,"_step":6329,"train/loss":1.1661376953125,"train/moving_avg_loss":1.855232197787773,"train/avg_epoch_loss":1.6318851874775864,"validation/avg_epoch_loss":0.5691887420834973,"_wandb":{"runtime":2219}}