{"_step":56,"train/loss":3.3494873046875,"train/moving_avg_loss":3.471471150716146,"_timestamp":1.7486991958926332e+09,"_wandb":{"runtime":27},"_runtime":26.399436088}