{"train/moving_avg_loss":2.7501792454358305,"_timestamp":1.747931848852735e+09,"_runtime":2230.444185522,"_step":6329,"train/avg_epoch_loss":2.1829545052998376,"validation/avg_epoch_loss":1.0959329018369317,"_wandb":{"runtime":2230},"train/loss":1.2177371978759766}