{"_timestamp":1.7720114737385914e+09,"_step":9,"_wandb":{"runtime":17},"_runtime":17,"train/loss":3.56646728515625,"train/moving_avg_loss":3.6607391357421877,"epoch":0}