{"validation/avg_epoch_loss":0.2702261310672232,"_wandb":{"runtime":7350},"train/loss":0.2769571542739868,"train/moving_avg_loss":1.850050383852572,"_timestamp":1.748697345035658e+09,"_runtime":7350.760508795,"_step":21099,"train/avg_epoch_loss":1.0441096335221707}