{"_timestamp":1.7720550302308142e+09,"train/learning_rate":5e-06,"train/loss":3.7679433822631836,"epoch":0,"_step":8,"train/logit_scale":2.659212827682495,"train/grad_norm":22.394216537475586,"train/moving_avg_loss":3.756074402067396,"_wandb":{"runtime":31},"_runtime":31}