{"train/moving_avg_loss":3.5583632896686423,"epoch":0,"_timestamp":1.7719494550712154e+09,"_step":28,"_wandb":{"runtime":45},"_runtime":45,"train/loss":3.49444580078125}