{"_timestamp":1.7719693237551513e+09,"train/grad_norm":0.9272861480712891,"train/loss":3.4653866291046143,"train/logit_scale":2.65041446685791,"train/logit_scale_exp":14.159906387329102,"train/moving_avg_loss":3.4835454466005253,"epoch":8,"_runtime":1538,"_step":949,"train/learning_rate":5e-05,"train/train_val_gap":0.04083162777676286,"train/avg_epoch_loss":3.4624622670730743,"validation/avg_epoch_loss":3.4216306392963114,"_wandb":{"runtime":1538}}