{"_step":42199,"train/avg_epoch_loss":0.6858145611708244,"validation/avg_epoch_loss":0.22727556303531551,"_wandb":{"runtime":14796},"train/loss":0.5042403340339661,"train/moving_avg_loss":1.4806127166357694,"_timestamp":1.747962076334007e+09,"_runtime":14795.614503936}