{"validation/avg_epoch_loss":3.425483758632953,"train/avg_epoch_loss":3.4514634679345524,"_timestamp":1.7719502277021923e+09,"epoch":2,"train/loss":3.470855712890625,"_step":210,"_wandb":{"runtime":338},"_runtime":338,"train/moving_avg_loss":3.471523738713656}