{"_wandb":{"runtime":8},"_runtime":8,"train/moving_avg_loss":3.8308258056640625,"epoch":0,"_timestamp":1.7719493460390542e+09,"_step":3,"train/loss":3.7325897216796875}