{"_timestamp":1.7719498033670678e+09,"validation/avg_epoch_loss":3.420727711457473,"epoch":2,"train/loss":3.483489990234375,"_runtime":333,"_step":212,"_wandb":{"runtime":333},"train/moving_avg_loss":3.477941996743234,"train/avg_epoch_loss":3.4511193972007903}